[
  [
    {
      "speaker": 1,
      "text": "Привет"
    },
    {
      "speaker": 2,
      "text": "Привет, хочешь кредит?",
      "act": "welcome_msg"
    },
    {
      "speaker": 1,
      "text": "Нет"
    },
    {
      "speaker": 2,
      "text": "You are welcome! Bye!",
      "act": "good_bye"
    }
  ],
  [
    {
      "speaker": 1,
      "text": "hey, bot"
    },
    {
      "speaker": 2,
      "text": "Hello, what is the weather today?",
      "act": "welcome_msg"
    },
    {
      "speaker": 1,
      "text": "raining a lot"
    },
    {
      "speaker": 2,
      "text": "Then you should try hot chinese tea!",
      "act": "suggest_tea"
    },
    {
      "speaker": 1,
      "text": "nice. thank you"
    },
    {
      "speaker": 2,
      "text": "You are welcome! Bye!",
      "act": "good_bye"
    }
  ],
  [
    {
      "speaker": 1,
      "text": "good morning you!"
    },
    {
      "speaker": 2,
      "text": "Hello, what is the weather today?",
      "act": "welcome_msg"
    },
    {
      "speaker": 1,
      "text": "hot and a little bit cloudy i guess"
    },
    {
      "speaker": 2,
      "text": "Then you should cycle!",
      "act": "suggest_cycling"
    },
    {
      "speaker": 1,
      "text": "no, i dont have a bike"
    },
    {
      "speaker": 2,
      "text": "That's a pity! Next time maybe. Have a good day!",
      "act": "bad_bye"
    }
  ],
  [
    {
      "speaker": 1,
      "text": "hello beautiful!"
    },
    {
      "speaker": 2,
      "text": "Hello, what is the weather today?",
      "act": "welcome_msg"
    },
    {
      "speaker": 1,
      "text": "too much snow, dont want to go out"
    },
    {
      "speaker": 2,
      "text": "Then you should try hot chinese tea!",
      "act": "suggest_tea"
    },
    {
      "speaker": 1,
      "text": "no i am not into tea"
    },
    {
      "speaker": 2,
      "text": "That's a pity! Next time maybe. Have a good day!",
      "act": "bad_bye"
    }
  ],
  [
    {
      "speaker": 1,
      "text": "good evening"
    },
    {
      "speaker": 2,
      "text": "Hello, what is the weather today?",
      "act": "welcome_msg"
    },
    {
      "speaker": 1,
      "text": "mainly cloudy and gray"
    },
    {
      "speaker": 2,
      "text": "Then you should try hot chinese tea!",
      "act": "suggest_tea"
    },
    {
      "speaker": 1,
      "text": "that sounds good"
    },
    {
      "speaker": 2,
      "text": "You are welcome! Bye!",
      "act": "good_bye"
    }
  ],
  [
    {
      "speaker": 1,
      "text": "hey"
    },
    {
      "speaker": 2,
      "text": "Hello, what is the weather today?",
      "act": "welcome_msg"
    },
    {
      "speaker": 1,
      "text": "very dark and murky"
    },
    {
      "speaker": 2,
      "text": "Then you should try hot chinese tea!",
      "act": "suggest_tea"
    },
    {
      "speaker": 1,
      "text": "tea is not funny"
    },
    {
      "speaker": 2,
      "text": "That's a pity! Next time maybe. Have a good day!",
      "act": "bad_bye"
    }
  ],
  [
    {
      "speaker": 1,
      "text": "how you doing"
    },
    {
      "speaker": 2,
      "text": "Hello, what is the weather today?",
      "act": "welcome_msg"
    },
    {
      "speaker": 1,
      "text": "the weather is gorgeous!"
    },
    {
      "speaker": 2,
      "text": "Then you should cycle!",
      "act": "suggest_cycling"
    },
    {
      "speaker": 1,
      "text": "maybe you are right, i'll try that"
    },
    {
      "speaker": 2,
      "text": "You are welcome! Bye!",
      "act": "good_bye"
    }
  ],
  [
    {
      "speaker": 1,
      "text": "hii"
    },
    {
      "speaker": 2,
      "text": "Hello, what is the weather today?",
      "act": "welcome_msg"
    },
    {
      "speaker": 1,
      "text": "nice weather really"
    },
    {
      "speaker": 2,
      "text": "Then you should cycle!",
      "act": "suggest_cycling"
    },
    {
      "speaker": 1,
      "text": "i dont wanna do such stuff"
    },
    {
      "speaker": 2,
      "text": "That's a pity! Next time maybe. Have a good day!",
      "act": "bad_bye"
    }
  ]
]
