[
  [
    {
      "speaker": 1,
      "text": "hi"
    },
    {
      "speaker": 2,
      "text": "Hello, what is the weather today?",
      "act": "welcome_msg"
    },
    {
      "speaker": 1,
      "text": "nice"
    },
    {
      "speaker": 2,
      "text": "Then you should cycle!",
      "act": "suggest_cycling"
    },
    {
      "speaker": 1,
      "text": "i dont have time to"
    },
    {
      "speaker": 2,
      "text": "That's a pity! Next time maybe. Have a good day!",
      "act": "bad_bye"
    }
  ]
]
